REGION,CÓDIGO DANE DEL DEPARTAMENTO,DEPARTAMENTO,CÓDIGO DANE DEL MUNICIPIO,MUNICIPIO
Región Eje Cafetero - Antioquia,5,Antioquia,5001,Medellín
Región Eje Cafetero - Antioquia,5,Antioquia,5002,Abejorral
Región Eje Cafetero - Antioquia,5,Antioquia,5004,Abriaquí
Región Eje Cafetero - Antioquia,5,Antioquia,5021,Alejandría
Región Eje Cafetero - Antioquia,5,Antioquia,5023,Amagá
Región Eje Cafetero - Antioquia,5,Antioquia,5026,Amalfi
Región Eje Cafetero - Antioquia,5,Antioquia,5029,Andes
Región Eje Cafetero - Antioquia,5,Antioquia,5031,Angelópolis
Región Eje Cafetero - Antioquia,5,Antioquia,5033,Angostura
Región Eje Cafetero - Antioquia,5,Antioquia,5036,Anorí
Región Eje Cafetero - Antioquia,5,Antioquia,5038,Anzá
Región Eje Cafetero - Antioquia,5,Antioquia,5041,Apartadó
Región Eje Cafetero - Antioquia,5,Antioquia,5043,Arboletes
Región Eje Cafetero - Antioquia,5,Antioquia,5045,Argelia
Región Eje Cafetero - Antioquia,5,Antioquia,5047,Armenia
Región Eje Cafetero - Antioquia,5,Antioquia,5049,Belmira
Región Eje Cafetero - Antioquia,5,Antioquia,5051,Belén
Región Eje Cafetero - Antioquia,5,Antioquia,5053,Betania
Región Eje Cafetero - Antioquia,5,Antioquia,5055,Betulia
Región Eje Cafetero - Antioquia,5,Antioquia,5058,Briceno
Región Eje Cafetero - Antioquia,5,Antioquia,5060,Buriticá
Región Eje Cafetero - Antioquia,5,Antioquia,5061,Campamento
Región Eje Cafetero - Antioquia,5,Antioquia,5064,Cañasgordas
Región Eje Cafetero - Antioquia,5,Antioquia,5066,Candelaria
Región Eje Cafetero - Antioquia,5,Antioquia,5070,Caracolí
Región Eje Cafetero - Antioquia,5,Antioquia,5072,Caramanta
Región Eje Cafetero - Antioquia,5,Antioquia,5074,Carepa
Región Eje Cafetero - Antioquia,5,Antioquia,5076,El Carmen de Viboral
Región Eje Cafetero - Antioquia,5,Antioquia,5079,Carolina
Región Eje Cafetero - Antioquia,5,Antioquia,5081,Caucasia
Región Eje Cafetero - Antioquia,5,Antioquia,5083,Chigorodó
Región Eje Cafetero - Antioquia,5,Antioquia,5086,Cisneros
Región Eje Cafetero - Antioquia,5,Antioquia,5089,Cocorná
Región Eje Cafetero - Antioquia,5,Antioquia,5091,Concepción
Región Eje Cafetero - Antioquia,5,Antioquia,5092,Concordia
Región Eje Cafetero - Antioquia,5,Antioquia,5095,Copacabana
Región Eje Cafetero - Antioquia,5,Antioquia,5101,Dabeiba
Región Eje Cafetero - Antioquia,5,Antioquia,5103,Don Matías
Región Eje Cafetero - Antioquia,5,Antioquia,5106,Ebéjico
Región Eje Cafetero - Antioquia,5,Antioquia,5107,El Bagre
Región Eje Cafetero - Antioquia,5,Antioquia,5110,El Carmen
Región Eje Cafetero - Antioquia,5,Antioquia,5111,El Chico
Región Eje Cafetero - Antioquia,5,Antioquia,5113,El Retiro
Región Eje Cafetero - Antioquia,5,Antioquia,5115,El Tigre
Región Eje Cafetero - Antioquia,5,Antioquia,5117,El Valle de Aburrá
Región Eje Cafetero - Antioquia,5,Antioquia,5120,Entrerríos
Región Eje Cafetero - Antioquia,5,Antioquia,5123,Envigado
Región Eje Cafetero - Antioquia,5,Antioquia,5126,Fortúl
Región Eje Cafetero - Antioquia,5,Antioquia,5129,Fredonia
Región Eje Cafetero - Antioquia,5,Antioquia,5132,Fresno
Región Eje Cafetero - Antioquia,5,Antioquia,5135,Frontino
Región Eje Cafetero - Antioquia,5,Antioquia,5138,Girardota
Región Eje Cafetero - Antioquia,5,Antioquia,5140,Girardot
Región Eje Cafetero - Antioquia,5,Antioquia,5143,Granada
Región Eje Cafetero - Antioquia,5,Antioquia,5145,Guadalupe
Región Eje Cafetero - Antioquia,5,Antioquia,5147,Guarenas
Región Eje Cafetero - Antioquia,5,Antioquia,5150,Guatapé
Región Eje Cafetero - Antioquia,5,Antioquia,5152,Heliconia
Región Eje Cafetero - Antioquia,5,Antioquia,5154,Hispania
Región Eje Cafetero - Antioquia,5,Antioquia,5156,Itagüí
Región Eje Cafetero - Antioquia,5,Antioquia,5159,Jardín
Región Eje Cafetero - Antioquia,5,Antioquia,5162,Jericó
Región Eje Cafetero - Antioquia,5,Antioquia,5165,La Ceja
Región Eje Cafetero - Antioquia,5,Antioquia,5167,La Estrella
Región Eje Cafetero - Antioquia,5,Antioquia,5170,La Unión
Región Eje Cafetero - Antioquia,5,Antioquia,5173,Liborina
Región Eje Cafetero - Antioquia,5,Antioquia,5176,Maceo
Región Eje Cafetero - Antioquia,5,Antioquia,5179,Marinilla
Región Eje Cafetero - Antioquia,5,Antioquia,5182,Montebello
Región Eje Cafetero - Antioquia,5,Antioquia,5185,Murindó
Región Eje Cafetero - Antioquia,5,Antioquia,5187,Muzo
Región Eje Cafetero - Antioquia,5,Antioquia,5189,Nariño
Región Eje Cafetero - Antioquia,5,Antioquia,5190,Nechí
Región Eje Cafetero - Antioquia,5,Antioquia,5193,Olaya
Región Eje Cafetero - Antioquia,5,Antioquia,5195,Peñol
Región Eje Cafetero - Antioquia,5,Antioquia,5197,Peque
Región Eje Cafetero - Antioquia,5,Antioquia,5198,Pueblorrico
Región Eje Cafetero - Antioquia,5,Antioquia,5200,Puerto Berrío
Región Eje Cafetero - Antioquia,5,Antioquia,5203,Puerto Nare
Región Eje Cafetero - Antioquia,5,Antioquia,5205,Puerto Triunfo
Región Eje Cafetero - Antioquia,5,Antioquia,5209,Rionegro
Región Eje Cafetero - Antioquia,5,Antioquia,5211,Sabaneta
Región Eje Cafetero - Antioquia,5,Antioquia,5213,San Andrés de Cuerquía
Región Eje Cafetero - Antioquia,5,Antioquia,5216,San Carlos
Región Eje Cafetero - Antioquia,5,Antioquia,5219,San Jerónimo
Región Eje Cafetero - Antioquia,5,Antioquia,5223,San José de la Montaña
Región Eje Cafetero - Antioquia,5,Antioquia,5224,San Juan de Giratá
Región Eje Cafetero - Antioquia,5,Antioquia,5227,San Juan de Urabá
Región Eje Cafetero - Antioquia,5,Antioquia,5229,San Luis
Región Eje Cafetero - Antioquia,5,Antioquia,5233,San Pedro de los Milagros
Región Eje Cafetero - Antioquia,5,Antioquia,5236,San Pedro de Urabá
Región Eje Cafetero - Antioquia,5,Antioquia,5237,San Rafael
Región Eje Cafetero - Antioquia,5,Antioquia,5239,San Roque
Región Eje Cafetero - Antioquia,5,Antioquia,5240,San Vicente
Región Eje Cafetero - Antioquia,5,Antioquia,5244,Santa Bárbara
Región Eje Cafetero - Antioquia,5,Antioquia,5245,Santa Fe de Antioquia
Región Eje Cafetero - Antioquia,5,Antioquia,5247,Santa Rosa de Osos
Región Eje Cafetero - Antioquia,5,Antioquia,5249,Santander
Región Eje Cafetero - Antioquia,5,Antioquia,5250,Santero
Región Eje Cafetero - Antioquia,5,Antioquia,5253,Santo Domingo
Región Eje Cafetero - Antioquia,5,Antioquia,5256,Segovia
Región Eje Cafetero - Antioquia,5,Antioquia,5259,Sonsón
Región Eje Cafetero - Antioquia,5,Antioquia,5261,Sopetrán
Región Eje Cafetero - Antioquia,5,Antioquia,5264,Támesis
Región Eje Cafetero - Antioquia,5,Antioquia,5266,Tarazá
Región Eje Cafetero - Antioquia,5,Antioquia,5269,Tarso
Región Eje Cafetero - Antioquia,5,Antioquia,5272,Titiricí
Región Eje Cafetero - Antioquia,5,Antioquia,5274,Toledo
Región Eje Cafetero - Antioquia,5,Antioquia,5276,Tolúa
Región Eje Cafetero - Antioquia,5,Antioquia,5278,Turco
Región Eje Cafetero - Antioquia,5,Antioquia,5280,Turu
Región Eje Cafetero - Antioquia,5,Antioquia,5282,Uramita
Región Eje Cafetero - Antioquia,5,Antioquia,5285,Urrao
Región Eje Cafetero - Antioquia,5,Antioquia,5288,Valdivia
Región Eje Cafetero - Antioquia,5,Antioquia,5290,Valparaíso
Región Eje Cafetero - Antioquia,5,Antioquia,5293,Vegachí
Región Eje Cafetero - Antioquia,5,Antioquia,5295,Venecia
Región Eje Cafetero - Antioquia,5,Antioquia,5298,Venadillo
Región Eje Cafetero - Antioquia,5,Antioquia,5301,Vigía del Fuerte
Región Eje Cafetero - Antioquia,5,Antioquia,5303,Yali
Región Eje Cafetero - Antioquia,5,Antioquia,5306,Yarumal
Región Eje Cafetero - Antioquia,5,Antioquia,5309,Yolombó
Región Eje Cafetero - Antioquia,5,Antioquia,5310,Yondo
Región Centro Oriente,8,Atlántico,8011,Barranquilla
Región Caribe,8,Atlántico,8024,Baranoa
Región Caribe,8,Atlántico,8030,Campo de la Cruz
Región Caribe,8,Atlántico,8033,Candelaria
Región Caribe,8,Atlántico,8040,Galan
Región Caribe,8,Atlántico,8043,Guamal
Región Caribe,8,Atlántico,8051,Juan de Acosta
Región Caribe,8,Atlántico,8054,Luruaco
Región Caribe,8,Atlántico,8056,Malambo
Región Caribe,8,Atlántico,8061,Manatí
Región Caribe,8,Atlántico,8069,Palmira
Región Caribe,8,Atlántico,8070,Piojó
Región Caribe,8,Atlántico,8078,Puerto Colombia
Región Caribe,8,Atlántico,8081,Repelón
Región Caribe,8,Atlántico,8087,Sabanagrande
Región Caribe,8,Atlántico,8090,Sabanalarga
Región Caribe,8,Atlántico,8098,San Juan de Villalobos
Región Caribe,8,Atlántico,8101,Soledad
Región Caribe,8,Atlántico,8106,Suán
Región Caribe,8,Atlántico,8110,Tubará
Región Caribe,8,Atlántico,8113,Usiacurí
Región Centro Oriente,11,Bogotá D.C.,11001,Bogotá
Región Caribe,13,Bolívar,13001,Cartagena de Indias
Región Caribe,13,Bolívar,13006,Achí
Región Caribe,13,Bolívar,13024,Altos del Rosario
Región Caribe,13,Bolívar,13030,Arenal
Región Caribe,13,Bolívar,13042,Arjona
Región Caribe,13,Bolívar,13052,Arroyohondo
Región Caribe,13,Bolívar,13060,Ballestas
Región Caribe,13,Bolívar,13062,Calamar
Región Caribe,13,Bolívar,13074,Barranco de Loba
Región Caribe,13,Bolívar,13076,Calera
Región Caribe,13,Bolívar,13078,Candelaria
Región Caribe,13,Bolívar,13094,Carmen de Bolívar
Región Caribe,13,Bolívar,13100,Cicuco
Región Caribe,13,Bolívar,13108,Córdoba
Región Caribe,13,Bolívar,13120,El Carmen de Bolívar
Región Caribe,13,Bolívar,13140,El Guamo
Región Caribe,13,Bolívar,13148,El Peñón
Región Caribe,13,Bolívar,13160,Hatillo de Loba
Región Caribe,13,Bolívar,13180,Magangué
Región Caribe,13,Bolívar,13188,Mahates
Región Caribe,13,Bolívar,13200,Margarita
Región Caribe,13,Bolívar,13212,María la Baja
Región Caribe,13,Bolívar,13224,Montecristo
Región Caribe,13,Bolívar,13230,Morales
Región Caribe,13,Bolívar,13248,Norosi
Región Caribe,13,Bolívar,13268,Pinillos
Región Caribe,13,Bolívar,13268,Regidor
Región Caribe,13,Bolívar,13280,Regidor
Región Caribe,13,Bolívar,13288,Río Viejo
Región Caribe,13,Bolívar,13300,San Cristóbal
Región Caribe,13,Bolívar,13316,San Estanislao
Región Caribe,13,Bolívar,13320,San Fernando de la Sabana
Región Caribe,13,Bolívar,13324,San Francisco de la Montaña
Región Caribe,13,Bolívar,13326,San Jacinto
Región Caribe,13,Bolívar,13330,San Jacinto del Cauca
Región Caribe,13,Bolívar,13336,San Juan Nepomuceno
Región Caribe,13,Bolívar,13338,San Martín
Región Caribe,13,Bolívar,13342,San Pablo
Región Caribe,13,Bolívar,13344,San Pascual
Región Caribe,13,Bolívar,13348,Santa Catalina
Región Caribe,13,Bolívar,13350,Santa Cruz de Mompox
Región Caribe,13,Bolívar,13353,Santa Rosa
Región Caribe,13,Bolívar,13357,Santa Rosa del Sur
Región Caribe,13,Bolívar,13360,Simo
Región Caribe,13,Bolívar,13368,Sopla
Región Caribe,13,Bolívar,13370,Talaigua Nuevo
Región Caribe,13,Bolívar,13376,Tibú
Región Caribe,13,Bolívar,13380,Tiguer
Región Caribe,13,Bolívar,13382,Turbaco
Región Caribe,13,Bolívar,13384,Turbaquito
Región Caribe,13,Bolívar,13386,Villanueva
Región Caribe,13,Bolívar,13390,Zambrano
Región Centro Oriente,15,Boyacá,15001,Tunja
Región Centro Oriente,15,Boyacá,15022,Almeida
Región Centro Oriente,15,Boyacá,15047,Aquitania
Región Centro Oriente,15,Boyacá,15051,Arcabuco
Región Centro Oriente,15,Boyacá,15062,Belén
Región Centro Oriente,15,Boyacá,15077,Berbeo
Región Centro Oriente,15,Boyacá,15090,Berneo
Región Centro Oriente,15,Boyacá,15092,Betétiva
Región Centro Oriente,15,Boyacá,15097,Boavita
Región Centro Oriente,15,Boyacá,15104,Boyacá
Región Centro Oriente,15,Boyacá,15106,Briceño
Región Centro Oriente,15,Boyacá,15109,Buenavista
Región Centro Oriente,15,Boyacá,15114,Busbanzá
Región Centro Oriente,15,Boyacá,15117,Caldas
Región Centro Oriente,15,Boyacá,15124,Campohermoso
Región Centro Oriente,15,Boyacá,15135,Cerínza
Región Centro Oriente,15,Boyacá,15138,Chinavita
Región Centro Oriente,15,Boyacá,15141,Chiscó
Región Centro Oriente,15,Boyacá,15148,Chita
Región Centro Oriente,15,Boyacá,15151,Chitaraque
Región Centro Oriente,15,Boyacá,15154,Chivatá
Región Centro Oriente,15,Boyacá,15157,Ciencuén
Región Centro Oriente,15,Boyacá,15162,Cuica
Región Centro Oriente,15,Boyacá,15165,Cómbita
Región Centro Oriente,15,Boyacá,15168,Coper
Región Centro Oriente,15,Boyacá,15171,Corrales
Región Centro Oriente,15,Boyacá,15174,Cubará
Región Centro Oriente,15,Boyacá,15177,Cucaita
Región Centro Oriente,15,Boyacá,15180,Cuza
Región Centro Oriente,15,Boyacá,15183,Chinácota
Región Centro Oriente,15,Boyacá,15186,Chitagá
Región Centro Oriente,15,Boyacá,15189,Chitayá
Región Centro Oriente,15,Boyacá,15192,Duitama
Región Centro Oriente,15,Boyacá,15195,El Cocuy
Región Centro Oriente,15,Boyacá,15198,El Espino
Región Centro Oriente,15,Boyacá,15204,El Peñón
Región Centro Oriente,15,Boyacá,15207,Esquipulas
Región Centro Oriente,15,Boyacá,15212,Firavitoba
Región Centro Oriente,15,Boyacá,15215,Florencia
Región Centro Oriente,15,Boyacá,15218,Gámeza
Región Centro Oriente,15,Boyacá,15221,Guacamayas
Región Centro Oriente,15,Boyacá,15224,Guateque
Región Centro Oriente,15,Boyacá,15227,Guayatá
Región Centro Oriente,15,Boyacá,15230,Guican
Región Centro Oriente,15,Boyacá,15236,Irán
Región Centro Oriente,15,Boyacá,15239,Jenesano
Región Centro Oriente,15,Boyacá,15242,Jericó
Región Centro Oriente,15,Boyacá,15245,Labranzagrande
Región Centro Oriente,15,Boyacá,15248,La Capilla
Región Centro Oriente,15,Boyacá,15251,La Uvita
Región Centro Oriente,15,Boyacá,15254,La Victoria
Región Centro Oriente,15,Boyacá,15257,Lengua de Palo
Región Centro Oriente,15,Boyacá,15260,Macanal
Región Centro Oriente,15,Boyacá,15263,Maripí
Región Centro Oriente,15,Boyacá,15266,Miraflores
Región Centro Oriente,15,Boyacá,15272,Mongua
Región Centro Oriente,15,Boyacá,15275,Monguí
Región Centro Oriente,15,Boyacá,15278,Moraría
Región Centro Oriente,15,Boyacá,15281,Motavita
Región Centro Oriente,15,Boyacá,15284,Muzo
Región Centro Oriente,15,Boyacá,15287,Naqueneque
Región Centro Oriente,15,Boyacá,15290,Nobsa
Región Centro Oriente,15,Boyacá,15293,Nuevo Colón
Región Centro Oriente,15,Boyacá,15296,Oicatá
Región Centro Oriente,15,Boyacá,15299,Otanche
Región Centro Oriente,15,Boyacá,15306,Pachavita
Región Centro Oriente,15,Boyacá,15309,Páez
Región Centro Oriente,15,Boyacá,15312,Paipa
Región Centro Oriente,15,Boyacá,15315,Pajarito
Región Centro Oriente,15,Boyacá,15318,Pansahú
Región Centro Oriente,15,Boyacá,15321,Pauna
Región Centro Oriente,15,Boyacá,15324,Paya
Región Centro Oriente,15,Boyacá,15327,Paz de Río
Región Centro Oriente,15,Boyacá,15330,Pesca
Región Centro Oriente,15,Boyacá,15335,Puerto Boyacá
Región Centro Oriente,15,Boyacá,15338,Quíntun
Región Centro Oriente,15,Boyacá,15341,Ramiri
Región Centro Oriente,15,Boyacá,15343,Ráquira
Región Centro Oriente,15,Boyacá,15348,Rondón
Región Centro Oriente,15,Boyacá,15351,Saboyá
Región Centro Oriente,15,Boyacá,15362,Sachica
Región Centro Oriente,15,Boyacá,15365,San Eduardo
Región Centro Oriente,15,Boyacá,15368,San José de Pare
Región Centro Oriente,15,Boyacá,15371,San Luis de Gaceno
Región Centro Oriente,15,Boyacá,15374,San Mateo
Región Centro Oriente,15,Boyacá,15377,San Miguel de Sema
Región Centro Oriente,15,Boyacá,15380,San Pablo de Borbur
Región Centro Oriente,15,Boyacá,15383,Santa María
Región Centro Oriente,15,Boyacá,15386,Santa Rosa de Viterbo
Región Centro Oriente,15,Boyacá,15389,Santa Sofía
Región Centro Oriente,15,Boyacá,15392,Santana
Región Centro Oriente,15,Boyacá,15395,Satán
Región Centro Oriente,15,Boyacá,15398,Siachoque
Región Centro Oriente,15,Boyacá,15401,Sogamoso
Región Centro Oriente,15,Boyacá,15404,Socha
Región Centro Oriente,15,Boyacá,15407,Socotá
Región Centro Oriente,15,Boyacá,15410,Soledad
Región Centro Oriente,15,Boyacá,15413,Soracá
Región Centro Oriente,15,Boyacá,15416,Sotaquirá
Región Centro Oriente,15,Boyacá,15419,Susacón
Región Centro Oriente,15,Boyacá,15422,Sutamarchán
Región Centro Oriente,15,Boyacá,15425,Sutatausa
Región Centro Oriente,15,Boyacá,15428,Tasco
Región Centro Oriente,15,Boyacá,15431,Tenjo
Región Centro Oriente,15,Boyacá,15434,Téruel
Región Centro Oriente,15,Boyacá,15437,Tiba
Región Centro Oriente,15,Boyacá,15440,Tierradentro
Región Centro Oriente,15,Boyacá,15443,Togüí
Región Centro Oriente,15,Boyacá,15446,Tópaga
Región Centro Oriente,15,Boyacá,15449,Tota
Región Centro Oriente,15,Boyacá,15452,Tununguá
Región Centro Oriente,15,Boyacá,15455,Turmequé
Región Centro Oriente,15,Boyacá,15458,Tuta
Región Centro Oriente,15,Boyacá,15461,Tutazá
Región Centro Oriente,15,Boyacá,15464,Úmbita
Región Centro Oriente,15,Boyacá,15467,Venado
Región Centro Oriente,15,Boyacá,15470,Verde
Región Centro Oriente,15,Boyacá,15473,Ventaquemada
Región Centro Oriente,15,Boyacá,15476,Villa de Leyva
Región Centro Oriente,15,Boyacá,15479,Viracachá
Región Centro Oriente,15,Boyacá,15482,Zetaquirá
Región Centro Sur,18,Caquetá,18001,Florencia
Región Centro Sur,18,Caquetá,18029,Albania
Región Centro Sur,18,Caquetá,18094,Belén de Los Andaquíes
Región Centro Sur,18,Caquetá,18150,Cartagena del Chairá
Región Centro Sur,18,Caquetá,18205,Currillo
Región Centro Sur,18,Caquetá,18217,El Doncello
Región Centro Sur,18,Caquetá,18230,El Paujil
Región Centro Sur,18,Caquetá,18247,La Montañita
Región Centro Sur,18,Caquetá,18256,Milán
Región Centro Sur,18,Caquetá,18275,Morelia
Región Centro Sur,18,Caquetá,18280,Paratebueno
Región Centro Sur,18,Caquetá,18298,Puerto Rico
Región Centro Sur,18,Caquetá,18300,San José del Fragua
Región Centro Sur,18,Caquetá,18317,San Vicente del Caguán
Región Centro Sur,18,Caquetá,18378,Solano
Región Centro Sur,18,Caquetá,18389,Solita
Región Centro Sur,18,Caquetá,18400,Territorio Indígena
Región Centro Sur,18,Caquetá,18409,Valparaíso
Región Caribe,19,Cesar,19001,Valledupar
Región Caribe,19,Cesar,20011,Aguachica
Región Caribe,19,Cesar,20013,Agustín Codazzi
Región Caribe,19,Cesar,20032,Astrea
Región Caribe,19,Cesar,20045,Becerril
Región Caribe,19,Cesar,20048,Chimichagua
Región Caribe,19,Cesar,20060,Bosconia
Región Caribe,19,Cesar,20062,Chiriguaná
Región Caribe,19,Cesar,20175,La Gloria
Región Caribe,19,Cesar,20178,La Jagua de Ibirico
Región Caribe,19,Cesar,20181,La Playa
Región Caribe,19,Cesar,20185,Manatí
Región Caribe,19,Cesar,20206,Pueblo Bello
Región Caribe,19,Cesar,20209,La Paila
Región Caribe,19,Cesar,20217,Riohacha
Región Caribe,19,Cesar,20221,Río de Oro
Región Caribe,19,Cesar,20228,San Alberto
Región Caribe,19,Cesar,20231,San Diego
Región Caribe,19,Cesar,20238,San Martín
Región Caribe,19,Cesar,20245,Santa Marta
Región Caribe,19,Cesar,20248,El Copey
Región Caribe,20,Cesar,20001,Valledupar
Región Caribe,20,Cesar,20005,Aguachica
Región Caribe,20,Cesar,20013,Agustín Codazzi
Región Caribe,20,Cesar,20032,Astrea
Región Caribe,20,Cesar,20045,Becerril
Región Caribe,20,Cesar,20048,Chimichagua
Región Caribe,20,Cesar,20060,Bosconia
Región Caribe,20,Cesar,20062,Chiriguaná
Región Caribe,20,Cesar,20175,La Gloria
Región Caribe,20,Cesar,20178,La Jagua de Ibirico
Región Caribe,20,Cesar,20181,La Playa
Región Caribe,20,Cesar,20185,Manatí
Región Caribe,20,Cesar,20206,Pueblo Bello
Región Caribe,20,Cesar,20209,Puerto Colombia
Región Caribe,20,Cesar,20217,Río de Oro
Región Caribe,20,Cesar,20228,San Alberto
Región Caribe,20,Cesar,20231,San Diego
Región Caribe,20,Cesar,20238,San Martín
Región Caribe,20,Cesar,20245,Santa Marta
Región Caribe,20,Cesar,20248,El Copey
Región Caribe,20,Cesar,20250,Tamalable
Región Caribe,20,Cesar,20253,El Paso
Región Caribe,20,Cesar,20256,Gamarra
Región Caribe,20,Cesar,20259,Gonzalez
Región Caribe,20,Cesar,20264,La Jagua de Padilla
Región Caribe,20,Cesar,20267,Manaure Balcón del Cesar
Región Caribe,20,Cesar,20270,Pelayo
Región Caribe,20,Cesar,20273,Pueblo Nuevo
Región Caribe,20,Cesar,20276,Ramón Santos
Región Caribe,20,Cesar,20279,San Isidro
Región Caribe,20,Cesar,20295,San José
Región Caribe,20,Cesar,20310,Santamarta
Región Caribe,23,Córdoba,23001,Montería
Región Caribe,23,Córdoba,23068,Ayapel
Región Caribe,23,Córdoba,23079,Buenavista
Región Caribe,23,Córdoba,23090,Canalete
Región Caribe,23,Córdoba,23162,Chimá
Región Caribe,23,Córdoba,23168,Chinú
Región Caribe,23,Córdoba,23176,Ciénaga de Oro
Región Caribe,23,Córdoba,23182,Cotorra
Región Caribe,23,Córdoba,23189,La Apartada
Región Caribe,23,Córdoba,23200,La Ceiba
Región Caribe,23,Córdoba,23217,Los Córdobas
Región Caribe,23,Córdoba,23250,Moñitos
Región Caribe,23,Córdoba,23268,Planadas
Región Caribe,23,Córdoba,23270,Popeyán
Región Caribe,23,Córdoba,23272,Puerto Escondido
Región Caribe,23,Córdoba,23275,Puerto Libertador
Región Caribe,23,Córdoba,23288,San Andrés Soto
Región Caribe,23,Córdoba,23294,San Antero
Región Caribe,23,Córdoba,23296,San Bernardo del Viento
Región Caribe,23,Córdoba,23298,San Carlos
Región Caribe,23,Córdoba,23300,San José de Uré
Región Caribe,23,Córdoba,23307,San Pelayo
Región Caribe,23,Córdoba,23310,San Porfirio
Región Caribe,23,Córdoba,23319,Tierralta
Región Caribe,23,Córdoba,23350,Los Garzones
Región Caribe,23,Córdoba,23353,Tuchín
Región Caribe,23,Córdoba,23360,Valencia
Región Centro Oriente,25,Cundinamarca,25001,Agua de Dios
Región Centro Oriente,25,Cundinamarca,25019,Albán
Región Centro Oriente,25,Cundinamarca,25035,Anapoima
Región Centro Oriente,25,Cundinamarca,25040,Anolaima
Región Centro Oriente,25,Cundinamarca,25053,Arbeláez
Región Centro Oriente,25,Cundinamarca,25086,Beltrán
Región Centro Oriente,25,Cundinamarca,25095,Bituima
Región Centro Oriente,25,Cundinamarca,25099,Bojacá
Región Centro Oriente,25,Cundinamarca,25120,Cabrera
Región Centro Oriente,25,Cundinamarca,25123,Cachipay
Región Centro Oriente,25,Cundinamarca,25126,Cajicá
Región Centro Oriente,25,Cundinamarca,25135,Caparrapí
Región Centro Oriente,25,Cundinamarca,25138,Cáqueza
Región Centro Oriente,25,Cundinamarca,25141,Carmelo
Región Centro Oriente,25,Cundinamarca,25148,Chaguaní
Región Centro Oriente,25,Cundinamarca,25151,Chapinero
Región Centro Oriente,25,Cundinamarca,25154,Chía
Región Centro Oriente,25,Cundinamarca,25157,Chinchina
Región Centro Oriente,25,Cundinamarca,25160,Chocontá
Región Centro Oriente,25,Cundinamarca,25162,Choachí
Región Centro Oriente,25,Cundinamarca,25168,Chocontá
Región Centro Oriente,25,Cundinamarca,25171,Chía
Región Centro Oriente,25,Cundinamarca,25175,Cogua
Región Centro Oriente,25,Cundinamarca,25178,Cota
Región Centro Oriente,25,Cundinamarca,25181,Cucunzá
Región Centro Oriente,25,Cundinamarca,25184,El Colegio
Región Centro Oriente,25,Cundinamarca,25187,El Peñón
Región Centro Oriente,25,Cundinamarca,25190,El Rosal
Región Centro Oriente,25,Cundinamarca,25193,Facatativá
Región Centro Oriente,25,Cundinamarca,25196,Fómeque
Región Centro Oriente,25,Cundinamarca,25199,Fosca
Región Centro Oriente,25,Cundinamarca,25200,Funza
Región Centro Oriente,25,Cundinamarca,25202,Fusagasugá
Región Centro Oriente,25,Cundinamarca,25205,Gachala
Región Centro Oriente,25,Cundinamarca,25207,Gachancipá
Región Centro Oriente,25,Cundinamarca,25210,Gachantivá
Región Centro Oriente,25,Cundinamarca,25214,Girardot
Región Centro Oriente,25,Cundinamarca,25217,Granada
Región Centro Oriente,25,Cundinamarca,25220,Guachetá
Región Centro Oriente,25,Cundinamarca,25223,Guachucal
Región Centro Oriente,25,Cundinamarca,25226,Guaduas
Región Centro Oriente,25,Cundinamarca,25229,Guasca
Región Centro Oriente,25,Cundinamarca,25232,Guataquí
Región Centro Oriente,25,Cundinamarca,25235,Guatavita
Región Centro Oriente,25,Cundinamarca,25238,Guayabal de Siquima
Región Centro Oriente,25,Cundinamarca,25241,Guayabetal
Región Centro Oriente,25,Cundinamarca,25244,Gutiérrez
Región Centro Oriente,25,Cundinamarca,25247,Jerusalém
Región Centro Oriente,25,Cundinamarca,25250,Junín
Región Centro Oriente,25,Cundinamarca,25253,La Calera
Región Centro Oriente,25,Cundinamarca,25256,La Mesa
Región Centro Oriente,25,Cundinamarca,25259,La Palma
Región Centro Oriente,25,Cundinamarca,25262,La Peña
Región Centro Oriente,25,Cundinamarca,25264,La Vega
Región Centro Oriente,25,Cundinamarca,25267,Lenguazaque
Región Centro Oriente,25,Cundinamarca,25270,Machiquilla
Región Centro Oriente,25,Cundinamarca,25273,Madariaga
Región Centro Oriente,25,Cundinamarca,25276,Madrid
Región Centro Oriente,25,Cundinamarca,25279,Manta
Región Centro Oriente,25,Cundinamarca,25282,Medina
Región Centro Oriente,25,Cundinamarca,25285,Mosquera
Región Centro Oriente,25,Cundinamarca,25288,Nariño
Región Centro Oriente,25,Cundinamarca,25291,Nemocón
Región Centro Oriente,25,Cundinamarca,25294,La Noche
Región Centro Oriente,25,Cundinamarca,25297,Nogales
Región Centro Oriente,25,Cundinamarca,25302,Ortega
Región Centro Oriente,25,Cundinamarca,25304,Paratebueno
Región Centro Oriente,25,Cundinamarca,25307,Paso
Región Centro Oriente,25,Cundinamarca,25310,Patía
Región Centro Oriente,25,Cundinamarca,25313,Paime
Región Centro Oriente,25,Cundinamarca,25317,Quetame
Región Centro Oriente,25,Cundinamarca,25320,Quipama
Región Centro Oriente,25,Cundinamarca,25323,Apulo
Región Centro Oriente,25,Cundinamarca,25326,Quípo
Región Centro Oriente,25,Cundinamarca,25329,Ricaurte
Región Centro Oriente,25,Cundinamarca,25332,San Antonio del Tequendama
Región Centro Oriente,25,Cundinamarca,25335,San Bernardo
Región Centro Oriente,25,Cundinamarca,25338,San Cayetano
Región Centro Oriente,25,Cundinamarca,25341,San Francisco
Región Centro Oriente,25,Cundinamarca,25344,San Juan de Río Seco
Región Centro Oriente,25,Cundinamarca,25347,Sasaima
Región Centro Oriente,25,Cundinamarca,25350,Sibaté
Región Centro Oriente,25,Cundinamarca,25353,Silvania
Región Centro Oriente,25,Cundinamarca,25356,Simijaca
Región Centro Oriente,25,Cundinamarca,25359,Soacha
Región Centro Oriente,25,Cundinamarca,25362,Tabio
Región Centro Oriente,25,Cundinamarca,25365,Tausa
Región Centro Oriente,25,Cundinamarca,25368,Tenjo
Región Centro Oriente,25,Cundinamarca,25371,Tibacuy
Región Centro Oriente,25,Cundinamarca,25374,Tibirita
Región Centro Oriente,25,Cundinamarca,25377,Tocaima
Región Centro Oriente,25,Cundinamarca,25380,Topaipí
Región Centro Oriente,25,Cundinamarca,25383,Ubalá
Región Centro Oriente,25,Cundinamarca,25386,Ubaque
Región Centro Oriente,25,Cundinamarca,25389,Ubaté
Región Centro Oriente,25,Cundinamarca,25392,Une
Región Centro Oriente,25,Cundinamarca,25395,Utica
Región Centro Oriente,25,Cundinamarca,25398,Villa de San Diego de Ubaté
Región Centro Oriente,25,Cundinamarca,25401,Villa del Rosario
Región Centro Oriente,25,Cundinamarca,25404,Viotá
Región Centro Oriente,25,Cundinamarca,25407,Zipacón
Región Centro Oriente,25,Cundinamarca,25410,Zipaquirá
Región Eje Cafetero - Antioquia,17,Caldas,17001,Manizales
Región Eje Cafetero - Antioquia,17,Caldas,17013,Aguadas
Región Eje Cafetero - Antioquia,17,Caldas,17042,Anserma
Región Eje Cafetero - Antioquia,17,Caldas,17050,Aranzazu
Región Eje Cafetero - Antioquia,17,Caldas,17088,Belalcázar
Región Eje Cafetero - Antioquia,17,Caldas,17174,Chinchiná
Región Eje Cafetero - Antioquia,17,Caldas,17245,Filadelfia
Región Eje Cafetero - Antioquia,17,Caldas,17273,La Dorada
Región Eje Cafetero - Antioquia,17,Caldas,17308,La Unión
Región Eje Cafetero - Antioquia,17,Caldas,17360,Marmato
Región Eje Cafetero - Antioquia,17,Caldas,17380,Marquetalia
Región Eje Cafetero - Antioquia,17,Caldas,17388,Marulanda
Región Eje Cafetero - Antioquia,17,Caldas,17412,Neira
Región Eje Cafetero - Antioquia,17,Caldas,17433,Norcasia
Región Eje Cafetero - Antioquia,17,Caldas,17442,Pácora
Región Eje Cafetero - Antioquia,17,Caldas,17465,Palestina
Región Eje Cafetero - Antioquia,17,Caldas,17486,Pensilvania
Región Eje Cafetero - Antioquia,17,Caldas,17513,Riosucio
Región Eje Cafetero - Antioquia,17,Caldas,17524,Risaralda
Región Eje Cafetero - Antioquia,17,Caldas,17545,Salamina
Región Eje Cafetero - Antioquia,17,Caldas,17571,Samaná
Región Eje Cafetero - Antioquia,17,Caldas,17583,San José
Región Eje Cafetero - Antioquia,17,Caldas,17653,Supía
Región Eje Cafetero - Antioquia,17,Caldas,17690,Victoria
Región Eje Cafetero - Antioquia,17,Caldas,17777,Villamaría
Región Eje Cafetero - Antioquia,17,Caldas,17799,Viterbo
Región Caribe,44,La Guajira,44001,Riohacha
Región Caribe,44,La Guajira,44035,Albania
Región Caribe,44,La Guajira,44078,Barrancas
Región Caribe,44,La Guajira,44098,Candelaria
Región Caribe,44,La Guajira,44110,Cardón
Región Caribe,44,La Guajira,44279,Dibulla
Región Caribe,44,La Guajira,44420,Hato Nuevo
Región Caribe,44,La Guajira,44560,La Jagua del Pilar
Región Caribe,44,La Guajira,44605,Distracción
Región Caribe,44,La Guajira,44650,El Molino
Región Caribe,44,La Guajira,44735,Fonseca
Región Caribe,44,La Guajira,44847,Uribia
Región Caribe,44,La Guajira,44855,Urumita
Región Caribe,44,La Guajira,44895,Maicao
Región Caribe,44,La Guajira,44907,Manaure
Región Caribe,44,La Guajira,44913,La Playa
Región Caribe,44,La Guajira,44925,Patillal
Región Caribe,44,La Guajira,44940,Albania
Región Caribe,44,La Guajira,44980,San Juan del Cesar
Región Caribe,44,La Guajira,45041,La Victoria
Región Caribe,44,La Guajira,45055,El Copey
Región Caribe,44,La Guajira,45077,Villalinda
Región Caribe,44,La Guajira,45090,Abu Bakr Al Siddiq
Región Caribe,47,Magdalena,47001,Santa Marta
Región Caribe,47,Magdalena,47030,Algarrobo
Región Caribe,47,Magdalena,47053,Aracataca
Región Caribe,47,Magdalena,47058,Ariguaní
Región Caribe,47,Magdalena,47161,Ciénaga
Región Caribe,47,Magdalena,47189,El Banco
Región Caribe,47,Magdalena,47205,El Piñón
Región Caribe,47,Magdalena,47236,Fundación
Región Caribe,47,Magdalena,47245,Guamal
Región Caribe,47,Magdalena,47258,La Jagua de Santa Marta
Región Caribe,47,Magdalena,47288,Nueva Granada
Región Caribe,47,Magdalena,47318,Pijiño
Región Caribe,47,Magdalena,47322,Pivijay
Región Caribe,47,Magdalena,47335,Puerto Colombia
Región Caribe,47,Magdalena,47343,Puerto Giraldo
Región Caribe,47,Magdalena,47345,Remolino
Región Caribe,47,Magdalena,47380,Sabanas de Palmar
Región Caribe,47,Magdalena,47383,San Sebastián de Buenavista
Región Caribe,47,Magdalena,47387,Santa Ana
Región Caribe,47,Magdalena,47390,Santa Bárbara de Pinto
Región Caribe,47,Magdalena,47405,Sitionuevo
Región Caribe,47,Magdalena,47420,Tenerife
Región Caribe,47,Magdalena,47430,Zapayán
Región Llano,50,Meta,50001,Villavicencio
Región Llano,50,Meta,50006,Acacías
Región Llano,50,Meta,50110,Barranca de Upía
Región Llano,50,Meta,50124,Cabuyaro
Región Llano,50,Meta,50150,Cumaral
Región Llano,50,Meta,50223,Granada
Región Llano,50,Meta,50226,El Calvario
Región Llano,50,Meta,50233,El Dorado
Región Llano,50,Meta,50236,Fuentes
Región Llano,50,Meta,50243,Guamal
Región Llano,50,Meta,50245,Lejanías
Región Llano,50,Meta,50251,La Macarena
Región Llano,50,Meta,50263,Mapiripán
Región Llano,50,Meta,50269,Mejorales
Región Llano,50,Meta,50275,Mesetas
Región Llano,50,Meta,50278,El Castillo
Región Llano,50,Meta,50281,Nobles
Región Llano,50,Meta,50284,Granada
Región Llano,50,Meta,50287,Restrepo
Región Llano,50,Meta,50290,San Carlos de Guaroa
Región Llano,50,Meta,50293,San Martín
Región Llano,50,Meta,50296,San Antonio
Región Llano,50,Meta,50299,San Luis de Cubarral
Región Llano,50,Meta,50307,San Sebastián
Región Llano,50,Meta,50313,La Uribe
Región Llano,50,Meta,50318,Lejanías
Región Llano,50,Meta,50325,Vistahermosa
Región Llano,81,Arauca,81001,Arauca
Región Llano,81,Arauca,81065,Arauquita
Región Llano,81,Arauca,81220,Cravo Norte
Región Llano,81,Arauca,81250,Fortul
Región Llano,81,Arauca,81265,José Félix Ribas
Región Llano,81,Arauca,81300,Platanillo
Región Llano,81,Arauca,81400,Puerto Rondón
Región Llano,81,Arauca,81591,Saravena
Región Llano,81,Arauca,81736,Tame
Región Llano,85,Casanare,85001,Yopal
Región Llano,85,Casanare,85015,Aguazul
Región Llano,85,Casanare,85025,Chámeza
Región Llano,85,Casanare,85040,Hato Corozal
Región Llano,85,Casanare,85125,La Salina
Región Llano,85,Casanare,85148,Maní
Región Llano,85,Casanare,85162,Nunchía
Región Llano,85,Casanare,85177,Oriondo
Región Llano,85,Casanare,85180,Orocué
Región Llano,85,Casanare,85183,Paz de Ariporo
Región Llano,85,Casanare,85186,Pijiño
Región Llano,85,Casanare,85189,Pocavita
Región Llano,85,Casanare,85200,Puerto López
Región Llano,85,Casanare,85203,Puerto Rondón
Región Llano,85,Casanare,85225,Recetor
Región Llano,85,Casanare,85238,Sabanalarga
Región Llano,85,Casanare,85250,Sácama
Región Llano,85,Casanare,85263,San Luis de Palenque
Región Llano,85,Casanare,85279,Támara
Región Llano,85,Casanare,85281,Tauramena
Región Llano,85,Casanare,85284,Trinidad
Región Llano,85,Casanare,85287,Villanueva
Región Centro Oriente,68,Santander,68001,Bucaramanga
Región Centro Oriente,68,Santander,68013,Aguada
Región Centro Oriente,68,Santander,68020,Albania
Región Centro Oriente,68,Santander,68051,Aratoca
Región Centro Oriente,68,Santander,68077,Barbosa
Región Centro Oriente,68,Santander,68079,Barichara
Región Centro Oriente,68,Santander,68081,Barrancabermeja
Región Centro Oriente,68,Santander,68092,Betulia
Región Centro Oriente,68,Santander,68101,Bolívar
Región Centro Oriente,68,Santander,68121,Cabrera
Región Centro Oriente,68,Santander,68132,California
Región Centro Oriente,68,Santander,68147,Carmen de Chucurí
Región Centro Oriente,68,Santander,68150,Cepita
Región Centro Oriente,68,Santander,68152,Cerrito
Región Centro Oriente,68,Santander,68160,Charalá
Región Centro Oriente,68,Santander,68169,Charta
Región Centro Oriente,68,Santander,68175,Chima
Región Centro Oriente,68,Santander,68179,Chipatá
Región Centro Oriente,68,Santander,68181,Cimitarra
Región Centro Oriente,68,Santander,68183,Concepción
Región Centro Oriente,68,Santander,68188,Confines
Región Centro Oriente,68,Santander,68192,Contratación
Región Centro Oriente,68,Santander,68194,Coromoro
Región Centro Oriente,68,Santander,68197,Curití
Región Centro Oriente,68,Santander,68205,El Carmelo
Región Centro Oriente,68,Santander,68207,El Guacamayo
Región Centro Oriente,68,Santander,68211,El Peñón
Región Centro Oriente,68,Santander,68213,El Playón
Región Centro Oriente,68,Santander,68215,Encino
Región Centro Oriente,68,Santander,68217,Enciso
Región Centro Oriente,68,Santander,68220,Florián
Región Centro Oriente,68,Santander,68223,Fresno
Región Centro Oriente,68,Santander,68226,Gámbita
Región Centro Oriente,68,Santander,68229,Girón
Región Centro Oriente,68,Santander,68233,Guaca
Región Centro Oriente,68,Santander,68236,Guadalupe
Región Centro Oriente,68,Santander,68239,Guapota
Región Centro Oriente,68,Santander,68243,Guavatá
Región Centro Oriente,68,Santander,68250,Guío
Región Centro Oriente,68,Santander,68253,Imués
Región Centro Oriente,68,Santander,68256,La Belleza
Región Centro Oriente,68,Santander,68259,La Canada
Región Centro Oriente,68,Santander,68264,La Esperanza
Región Centro Oriente,68,Santander,68267,La Mesa de los Santos
Región Centro Oriente,68,Santander,68271,La Sierra
Región Centro Oriente,68,Santander,68273,La Uvita
Región Centro Oriente,68,Santander,68276,Lebríja
Región Centro Oriente,68,Santander,68280,Los Santos
Región Centro Oriente,68,Santander,68283,Macaravita
Región Centro Oriente,68,Santander,68286,Mogotes
Región Centro Oriente,68,Santander,68289,Molagavita
Región Centro Oriente,68,Santander,68292,Ocamonte
Región Centro Oriente,68,Santander,68294,Oiba
Región Centro Oriente,68,Santander,68297,Ovejas
Región Centro Oriente,68,Santander,68300,Palmira
Región Centro Oriente,68,Santander,68302,Paola
Región Centro Oriente,68,Santander,68305,Pardo
Región Centro Oriente,68,Santander,68308,Pescador
Región Centro Oriente,68,Santander,68311,Peñol
Región Centro Oriente,68,Santander,68313,Piedecuesta
Región Centro Oriente,68,Santander,68315,Pinchas
Región Centro Oriente,68,Santander,68318,Playón Santandereano
Región Centro Oriente,68,Santander,68320,El Porvenir
Región Centro Oriente,68,Santander,68322,Puente Nacional
Región Centro Oriente,68,Santander,68324,Purificación
Región Centro Oriente,68,Santander,68327,Quícha
Región Centro Oriente,68,Santander,68332,Rionegro
Región Centro Oriente,68,Santander,68335,Saladoblanco
Región Centro Oriente,68,Santander,68338,San Andrés
Región Centro Oriente,68,Santander,68341,San Benito
Región Centro Oriente,68,Santander,68344,San Joaquín
Región Centro Oriente,68,Santander,68347,San José de Miranda
Región Centro Oriente,68,Santander,68350,San Miguel
Región Centro Oriente,68,Santander,68352,San Vicente de Chucurí
Región Centro Oriente,68,Santander,68355,Santa Bárbara
Región Centro Oriente,68,Santander,68358,Santa Helena del Opón
Región Centro Oriente,68,Santander,68361,Socorro
Región Centro Oriente,68,Santander,68364,Sucre
Región Centro Oriente,68,Santander,68367,Suaita
Región Centro Oriente,68,Santander,68370,Tona
Región Centro Oriente,68,Santander,68373,Valle de San José
Región Centro Oriente,68,Santander,68375,Vélez
Región Centro Oriente,68,Santander,68377,Vetá
Región Centro Oriente,68,Santander,68379,Villa de Leyva
Región Centro Oriente,68,Santander,68381,Villa Nueva
Región Centro Oriente,68,Santander,68383,Simacota
Región Centro Oriente,68,Santander,68385,Zapatoca
Región Caribe,70,Sucre,70110,Buenavista
Región Caribe,70,Sucre,70124,Caimito
Región Caribe,70,Sucre,70204,Coloso
Región Caribe,70,Sucre,70215,Corrales
Región Caribe,70,Sucre,70221,El Roble
Región Caribe,70,Sucre,70227,Galeras
Región Caribe,70,Sucre,70230,Guaranda
Región Caribe,70,Sucre,70233,La Unión
Región Caribe,70,Sucre,70236,Los Palmitos
Región Caribe,70,Sucre,70239,Majagual
Región Caribe,70,Sucre,70242,Morato
Región Caribe,70,Sucre,70245,Ovejas
Región Caribe,70,Sucre,70248,Palmito
Región Caribe,70,Sucre,70251,San Benito Abad
Región Caribe,70,Sucre,70254,San Juan de Betulia
Región Caribe,70,Sucre,70257,San Onofre
Región Caribe,70,Sucre,70260,San Pedro
Región Caribe,70,Sucre,70263,Sampués
Región Caribe,70,Sucre,70266,San Luis de Sincé
Región Caribe,70,Sucre,70269,Sincelejo
Región Caribe,70,Sucre,70272,Sucre
Región Caribe,70,Sucre,70275,Chalán
Región Caribe,70,Sucre,70278,La Mojana
Región Caribe,70,Sucre,70281,Coveñas
Región Caribe,70,Sucre,70284,Santiago Horta
Región Caribe,70,Sucre,70287,San Marcos
Región Caribe,70,Sucre,70290,Santiago Horta
Región Caribe,70,Sucre,70293,El Guayabo
Región Centro Sur,73,Tolima,73001,Ibagué
Región Centro Sur,73,Tolima,73024,Alpujarra
Región Centro Sur,73,Tolima,73026,Alvarado
Región Centro Sur,73,Tolima,73030,Ambalema
Región Centro Sur,73,Tolima,73043,Anzoátegui
Región Centro Sur,73,Tolima,73055,Armero
Región Centro Sur,73,Tolima,73124,Cajamarca
Región Centro Sur,73,Tolima,73148,Carmen de Apicalá
Región Centro Sur,73,Tolima,73200,Chaparral
Región Centro Sur,73,Tolima,73215,Coello
Región Centro Sur,73,Tolima,73226,Colón
Región Centro Sur,73,Tolima,73268,El Espinal
Región Centro Sur,73,Tolima,73275,El Guamo
Región Centro Sur,73,Tolima,73283,El Life
Región Centro Sur,73,Tolima,73286,Falan
Región Centro Sur,73,Tolima,73297,Floresta
Región Centro Sur,73,Tolima,73319,Guamo
Región Centro Sur,73,Tolima,73322,Herveo
Región Centro Sur,73,Tolima,73324,Icononzo
Región Centro Sur,73,Tolima,73347,Lejanías
Región Centro Sur,73,Tolima,73349,Libano
Región Centro Sur,73,Tolima,73352,Lerida
Región Centro Sur,73,Tolima,73365,Luis García
Región Centro Sur,73,Tolima,73368,Market
Región Centro Sur,73,Tolima,73371,Mariquita
Región Centro Sur,73,Tolima,73377,Murillo
Región Centro Sur,73,Tolima,73380,Musca
Región Centro Sur,73,Tolima,73383,Natagaima
Región Centro Sur,73,Tolima,73386,Ortega
Región Centro Sur,73,Tolima,73389,Palocabildo
Región Centro Sur,73,Tolima,73392,Piendamó
Región Centro Sur,73,Tolima,73395,Piedras
Región Centro Sur,73,Tolima,73398,Planadas
Región Centro Sur,73,Tolima,73401,Poulsbo
Región Centro Sur,73,Tolima,73411,Prado
Región Centro Sur,73,Tolima,73419,Purificación
Región Centro Sur,73,Tolima,73422,Ricaurte
Región Centro Sur,73,Tolima,73425,Roncesvalles
Región Centro Sur,73,Tolima,73428,Rovira
Región Centro Sur,73,Tolima,73431,San Antonio
Región Centro Sur,73,Tolima,73434,San Luis
Región Centro Sur,73,Tolima,73436,San Sebastián
Región Centro Sur,73,Tolima,73443,Santa Isabel
Región Centro Sur,73,Tolima,73449,Softa
Región Centro Sur,73,Tolima,73452,Spur
Región Centro Sur,73,Tolima,73456,Valle de San Juan
Región Centro Sur,73,Tolima,73459,Venta de Carvajal
Región Centro Sur,73,Tolima,73461,Villagarzon
Región Centro Sur,73,Tolima,73464,Villeta
Región Centro Sur,73,Tolima,73467,Venadillo
Región Pacífico,76,Valle del Cauca,76001,Cali
Región Pacífico,76,Valle del Cauca,76020,Alcalá
Región Pacífico,76,Valle del Cauca,76036,Andalucía
Región Pacífico,76,Valle del Cauca,76041,Ansermanuevo
Región Pacífico,76,Valle del Cauca,76054,Argelia
Región Pacífico,76,Valle del Cauca,76100,Bolívar
Región Pacífico,76,Valle del Cauca,76109,Buenaventura
Región Pacífico,76,Valle del Cauca,76113,Bugalagrande
Región Pacífico,76,Valle del Cauca,76122,Caicedonia
Región Pacífico,76,Valle del Cauca,76126,Calima
Región Pacífico,76,Valle del Cauca,76130,Candelaria
Región Pacífico,76,Valle del Cauca,76147,Cartago
Región Pacífico,76,Valle del Cauca,76172,Dagua
Región Pacífico,76,Valle del Cauca,76175,El Águila
Región Pacífico,76,Valle del Cauca,76178,El Cairo
Región Pacífico,76,Valle del Cauca,76181,El Cerrito
Región Pacífico,76,Valle del Cauca,76184,El Dovio
Región Pacífico,76,Valle del Cauca,76187,El Paso
Región Pacífico,76,Valle del Cauca,76190,El Quebradón
Región Pacífico,76,Valle del Cauca,76193,El Remolino
Región Pacífico,76,Valle del Cauca,76196,El Tambo
Región Pacífico,76,Valle del Cauca,76213,Florida
Región Pacífico,76,Valle del Cauca,76216,Gigante
Región Pacífico,76,Valle del Cauca,76219,Guacarí
Región Pacífico,76,Valle del Cauca,76233,La Cumbre
Región Pacífico,76,Valle del Cauca,76236,La Unión
Región Pacífico,76,Valle del Cauca,76250,La Victoria
Región Pacífico,76,Valle del Cauca,76253,Obando
Región Pacífico,76,Valle del Cauca,76256,Palmira
Región Pacífico,76,Valle del Cauca,76259,Pradera
Región Pacífico,76,Valle del Cauca,76262,Puerto Tejada
Región Pacífico,76,Valle del Cauca,76265,Restrepo
Región Pacífico,76,Valle del Cauca,76268,Riofrío
Región Pacífico,76,Valle del Cauca,76271,Roldanillo
Región Pacífico,76,Valle del Cauca,76274,Rojas
Región Pacífico,76,Valle del Cauca,76277,San Pedro
Región Pacífico,76,Valle del Cauca,76280,Sevilla
Región Pacífico,76,Valle del Cauca,76283,Toribio
Región Pacífico,76,Valle del Cauca,76286,Tuluá
Región Pacífico,76,Valle del Cauca,76289,Vijes
Región Pacífico,76,Valle del Cauca,76292,Yotoco
Región Pacífico,76,Valle del Cauca,76295,Yumbo
Región Pacífico,76,Valle del Cauca,76306,Zarzal
Región Eje Cafetero - Antioquia,63,Quindío,63001,Armenia
Región Eje Cafetero - Antioquia,63,Quindío,63111,Buenavista
Región Eje Cafetero - Antioquia,63,Quindío,63130,Calarcá
Región Eje Cafetero - Antioquia,63,Quindío,63168,Circasia
Región Eje Cafetero - Antioquia,63,Quindío,63190,Córdoba
Región Eje Cafetero - Antioquia,63,Quindío,63272,Filandia
Región Eje Cafetero - Antioquia,63,Quindío,63302,Genova
Región Eje Cafetero - Antioquia,63,Quindío,63319,El Quimbo
Región Eje Cafetero - Antioquia,63,Quindío,63349,Salento
Región Eje Cafetero - Antioquia,63,Quindío,63401,La Tebaida
Región Eje Cafetero - Antioquia,63,Quindío,63470,Montenegro
Región Eje Cafetero - Antioquia,63,Quindío,63501,Pijao
Región Eje Cafetero - Antioquia,63,Quindío,63547,Quimbaya
Región Eje Cafetero - Antioquia,63,Quindío,63594,Roncesvalles
Región Eje Cafetero - Antioquia,63,Quindío,63690,El Edén
Región Eje Cafetero - Antioquia,63,Quindío,63721,Calima
Región Eje Cafetero - Antioquia,66,Risaralda,66001,Pereira
Región Eje Cafetero - Antioquia,66,Risaralda,66045,Apía
Región Eje Cafetero - Antioquia,66,Risaralda,66075,Balboa
Región Eje Cafetero - Antioquia,66,Risaralda,66088,Belén de Umbría
Región Eje Cafetero - Antioquia,66,Risaralda,66170,Dosquebradas
Región Eje Cafetero - Antioquia,66,Risaralda,66207,Guática
Región Eje Cafetero - Antioquia,66,Risaralda,66219,La Celia
Región Eje Cafetero - Antioquia,66,Risaralda,66250,La Virginia
Región Eje Cafetero - Antioquia,66,Risaralda,66279,Mistrató
Región Eje Cafetero - Antioquia,66,Risaralda,66318,Pueblo Rico
Región Eje Cafetero - Antioquia,66,Risaralda,66330,Quinchia
Región Eje Cafetero - Antioquia,66,Risaralda,66383,Santa Rosa de Cabal
Región Eje Cafetero - Antioquia,66,Risaralda,66400,Santuario
Región Pacífico,19,Cauca,19001,Popayán
Región Pacífico,19,Cauca,19022,Almaguer
Región Pacífico,19,Cauca,19050,Argelia
Región Pacífico,19,Cauca,19075,Balboa
Región Pacífico,19,Cauca,19100,Bolívar
Región Pacífico,19,Cauca,19110,Buenos Aires
Región Pacífico,19,Cauca,19130,Cajibío
Región Pacífico,19,Cauca,19137,Caldono
Región Pacífico,19,Cauca,19142,Caloto
Región Pacífico,19,Cauca,19152,Carmen de Bolívar
Región Pacífico,19,Cauca,19161,El Bordo
Región Pacífico,19,Cauca,19167,El Carmelo
Región Pacífico,19,Cauca,19170,El Tambo
Región Pacífico,19,Cauca,19177,Florencia
Región Pacífico,19,Cauca,19190,Guachené
Región Pacífico,19,Cauca,19212,Guapí
Región Pacífico,19,Cauca,19221,Inzá
Región Pacífico,19,Cauca,19226,Jiménez
Región Pacífico,19,Cauca,19236,La Sierra
Región Pacífico,19,Cauca,19256,López de Micay
Región Pacífico,19,Cauca,19268,Mercaderes
Región Pacífico,19,Cauca,19270,Miranda
Región Pacífico,19,Cauca,19273,Morales
Región Pacífico,19,Cauca,19276,Padilla
Región Pacífico,19,Cauca,19279,Páez
Región Pacífico,19,Cauca,19288,Piendamó
Región Pacífico,19,Cauca,19292,La Vega
Región Pacífico,19,Cauca,19295,La Plata
Región Pacífico,19,Cauca,19300,Puerto Tejada
Región Pacífico,19,Cauca,19304,Puracé
Región Pacífico,19,Cauca,19307,Quintín
Región Pacífico,19,Cauca,19318,Rosas
Región Pacífico,19,Cauca,19322,Santander de Quilichao
Región Pacífico,19,Cauca,19325,Suarez
Región Pacífico,19,Cauca,19327,Sucre
Región Pacífico,19,Cauca,19355,Sotara
Región Pacífico,19,Cauca,19364,Timbiquí
Región Pacífico,19,Cauca,19370,Toribio
Región Pacífico,19,Cauca,19377,Totoro
Región Pacífico,19,Cauca,19380,Tumaco
Región Pacífico,19,Cauca,19383,Tunía
Región Pacífico,19,Cauca,19386,Villa Rica
Región Pacífico,19,Cauca,19392,El Palo
Región Pacífico,52,Nariño,52001,Pasto
Región Pacífico,52,Nariño,52019,Albán
Región Pacífico,52,Nariño,52022,Aldana
Región Pacífico,52,Nariño,52036,Ancuya
Región Pacífico,52,Nariño,52051,Arboleda
Región Pacífico,52,Nariño,52083,Belén
Región Pacífico,52,Nariño,52110,Buesaco
Región Pacífico,52,Nariño,52121,Colón
Región Pacífico,52,Nariño,52124,Consacá
Región Pacífico,52,Nariño,52133,Contadero
Región Pacífico,52,Nariño,52136,Concepción
Región Pacífico,52,Nariño,52139,El Charco
Región Pacífico,52,Nariño,52142,El Peñol
Región Pacífico,52,Nariño,52145,El Rosario
Región Pacífico,52,Nariño,52148,El Tablón de Gómez
Región Pacífico,52,Nariño,52151,Elespino
Región Pacífico,52,Nariño,52154,El Tablón
Región Pacífico,52,Nariño,52157,Francisco Pizarro
Región Pacífico,52,Nariño,52160,Funes
Región Pacífico,52,Nariño,52163,Guachucal
Región Pacífico,52,Nariño,52166,Guapí
Región Pacífico,52,Nariño,52169,Guachavés
Región Pacífico,52,Nariño,52172,Guayacanes
Región Pacífico,52,Nariño,52175,Iles
Región Pacífico,52,Nariño,52178,Ipiales
Región Pacífico,52,Nariño,52181,La Cruz
Región Pacífico,52,Nariño,52184,La Florida
Región Pacífico,52,Nariño,52187,La Llanada
Región Pacífico,52,Nariño,52190,La Tola
Región Pacífico,52,Nariño,52193,La Unión
Región Pacífico,52,Nariño,52196,Leiva
Región Pacífico,52,Nariño,52199,Llorente
Región Pacífico,52,Nariño,52203,Magnolia
Región Pacífico,52,Nariño,52206,Mallama
Región Pacífico,52,Nariño,52209,Barbacoas
Región Pacífico,52,Nariño,52212,Mosquera
Región Pacífico,52,Nariño,52215,Nariño
Región Pacífico,52,Nariño,52218,Olaya Herrera
Región Pacífico,52,Nariño,52223,Polichuela
Región Pacífico,52,Nariño,52226,Potosí
Región Pacífico,52,Nariño,52229,Providencia
Región Pacífico,52,Nariño,52232,Puerto Asís
Región Pacífico,52,Nariño,52235,Puerto Caicedo
Región Pacífico,52,Nariño,52238,Puerto Guzmán
Región Pacífico,52,Nariño,52241,Puerto Leguízamo
Región Pacífico,52,Nariño,52244,Ricaurte
Región Pacífico,52,Nariño,52247,Roberts
Región Pacífico,52,Nariño,52250,San Bernardo
Región Pacífico,52,Nariño,52253,San Lorenzo
Región Pacífico,52,Nariño,52256,San Pablo
Región Pacífico,52,Nariño,52259,San Pedro de Cartago
Región Pacífico,52,Nariño,52262,Santa Bárbara
Región Pacífico,52,Nariño,52265,Santacruz
Región Pacífico,52,Nariño,52268,Sapuyes
Región Pacífico,52,Nariño,52271,Taminango
Región Pacífico,52,Nariño,52274,Tangua
Región Pacífico,52,Nariño,52277,Tumaco
Región Pacífico,52,Nariño,52280,Túquerres
Región Pacífico,52,Nariño,52283,Yacuanquer
Región Pacífico,27,Chocó,27001,Quibdó
Región Pacífico,27,Chocó,27006,Acandí
Región Pacífico,27,Chocó,27025,Alto Baudó
Región Pacífico,27,Chocó,27050,Atrato
Región Pacífico,27,Chocó,27073,Bagadó
Región Pacífico,27,Chocó,27075,Bahía Solano
Región Pacífico,27,Chocó,27077,Bajo Baudó
Región Pacífico,27,Chocó,27099,Bojayá
Región Pacífico,27,Chocó,27135,Carmen del Darién
Región Pacífico,27,Chocó,27150,Cértegui
Región Pacífico,27,Chocó,27160,Condoto
Región Pacífico,27,Chocó,27180,El Cantón del San Pablo
Región Pacífico,27,Chocó,27183,El Carmen de Atrato
Región Pacífico,27,Chocó,27186,El Carmen del Darién
Región Pacífico,27,Chocó,27190,El Litoral de San Juan
Región Pacífico,27,Chocó,27201,Gorgona
Región Pacífico,27,Chocó,27205,Medio Atrato
Región Pacífico,27,Chocó,27210,Medio Baudó
Región Pacífico,27,Chocó,27215,Novita
Región Pacífico,27,Chocó,27218,Nuquí
Región Pacífico,27,Chocó,27221,Río Iró
Región Pacífico,27,Chocó,27224,Río Quito
Región Pacífico,27,Chocó,27227,Riosucio
Región Pacífico,27,Chocó,27230,San Francisco
Región Pacífico,27,Chocó,27245,San Juan de Urabá
Región Pacífico,27,Chocó,27250,Tadó
Región Pacífico,27,Chocó,27255,Unguía
Región Pacífico,27,Chocó,27258,Unión Panamericana
Región Centro Sur,41,Huila,41001,Neiva
Región Centro Sur,41,Huila,41006,Acevedo
Región Centro Sur,41,Huila,41013,Agrado
Región Centro Sur,41,Huila,41016,Aipe
Región Centro Sur,41,Huila,41020,Algeciras
Región Centro Sur,41,Huila,41026,Altamira
Región Centro Sur,41,Huila,41078,Baraya
Región Centro Sur,41,Huila,41132,Campoalegre
Región Centro Sur,41,Huila,41134,Colombia
Región Centro Sur,41,Huila,41137,Campohermoso
Región Centro Sur,41,Huila,41145,Elíasson
Región Centro Sur,41,Huila,41148,El Pital
Región Centro Sur,41,Huila,41151,El Tambo
Región Centro Sur,41,Huila,41154,Guacamayas
Región Centro Sur,41,Huila,41161,Guadalupe
Región Centro Sur,41,Huila,41164,Guapota
Región Centro Sur,41,Huila,41167,Ho
Región Centro Sur,41,Huila,41170,Isnos
Región Centro Sur,41,Huila,41173,La Argentina
Región Centro Sur,41,Huila,41176,La Plata
Región Centro Sur,41,Huila,41179,Nátaga
Región Centro Sur,41,Huila,41182,Opita
Región Centro Sur,41,Huila,41185,Paicol
Región Centro Sur,41,Huila,41188,Palermo
Región Centro Sur,41,Huila,41191,Palestina
Región Centro Sur,41,Huila,41194,Pital
Región Centro Sur,41,Huila,41197,Riveras
Región Centro Sur,41,Huila,41203,Saladoblanco
Región Centro Sur,41,Huila,41206,San Agustín
Región Centro Sur,41,Huila,41209,San Antonio
Región Centro Sur,41,Huila,41212,San Luis
Región Centro Sur,41,Huila,41215,Santa María
Región Centro Sur,41,Huila,41218,Santiago
Región Centro Sur,41,Huila,41223,Suar
Región Centro Sur,41,Huila,41226,Tarqui
Región Centro Sur,41,Huila,41229,Tesalia
Región Centro Sur,41,Huila,41232,Timana
Región Centro Sur,41,Huila,41235,Villavieja
Región Centro Sur,41,Huila,41238,Yaguará
Región Centro Oriente,54,Norte de Santander,54001,Cúcuta
Región Centro Oriente,54,Norte de Santander,54003,Abrego
Región Centro Oriente,54,Norte de Santander,54051,Arboledas
Región Centro Oriente,54,Norte de Santander,54099,Bochalema
Región Centro Oriente,54,Norte de Santander,54109,Bucarasica
Región Centro Oriente,54,Norte de Santander,54125,Cácota
Región Centro Oriente,54,Norte de Santander,54128,Cachirá
Región Centro Oriente,54,Norte de Santander,54147,Carmén
Región Centro Oriente,54,Norte de Santander,54149,La Playa
Región Centro Oriente,54,Norte de Santander,54152,Cución
Región Centro Oriente,54,Norte de Santander,54164,Durania
Región Centro Oriente,54,Norte de Santander,54167,El Carmelo
Región Centro Oriente,54,Norte de Santander,54169,El Zulia
Región Centro Oriente,54,Norte de Santander,54172,Teorama
Región Centro Oriente,54,Norte de Santander,54180,El Tarra
Región Centro Oriente,54,Norte de Santander,54183,La Esperanza
Región Centro Oriente,54,Norte de Santander,54186,La Playa
Región Centro Oriente,54,Norte de Santander,54189,La Trinidad
Región Centro Oriente,54,Norte de Santander,54192,Hacarí
Región Centro Oriente,54,Norte de Santander,54195,Hacarí
Región Centro Oriente,54,Norte de Santander,54198,Jacinto
Región Centro Oriente,54,Norte de Santander,54206,La Unión
Región Centro Oriente,54,Norte de Santander,54223,López de Micay
Región Centro Oriente,54,Norte de Santander,54239,Ocaña
Región Centro Oriente,54,Norte de Santander,54242,Ocoro
Región Centro Oriente,54,Norte de Santander,54245,Pamplona
Región Centro Oriente,54,Norte de Santander,54250,Pamplona
Región Centro Oriente,54,Norte de Santander,54264,Puerto Santander
Región Centro Oriente,54,Norte de Santander,54267,Ragonvalia
Región Centro Oriente,54,Norte de Santander,54270,Riohacha
Región Centro Oriente,54,Norte de Santander,54276,San Calixto
Región Centro Oriente,54,Norte de Santander,54279,San Cayetano
Región Centro Oriente,54,Norte de Santander,54282,San Joaquín de Girón
Región Centro Oriente,54,Norte de Santander,54285,Sardinata
Región Centro Oriente,54,Norte de Santander,54288,Sílvia
Región Centro Oriente,54,Norte de Santander,54291,San Pedro
Región Centro Oriente,54,Norte de Santander,54294,San Roque
Región Centro Oriente,54,Norte de Santander,54297,San José de Miranda
Región Centro Oriente,54,Norte de Santander,54300,San José
Región Centro Oriente,54,Norte de Santander,54313,El Cobre
Región Centro Oriente,54,Norte de Santander,54316,El Peñol
Región Centro Oriente,54,Norte de Santander,54319,El Progreso
Región Centro Oriente,54,Norte de Santander,54347,Toledo
Región Centro Oriente,54,Norte de Santander,54350,Salazar
Región Centro Oriente,54,Norte de Santander,54353,El Carmen
Región Centro Oriente,54,Norte de Santander,54355,El Rosario
Región Centro Oriente,54,Norte de Santander,54377,Villa Caro
Región Centro Oriente,54,Norte de Santander,54380,Villa del Rosario
Región Centro Oriente,54,Norte de Santander,54383,Zulia
Región Pacífico,86,Putumayo,86001,Mocoa
Región Pacífico,86,Putumayo,86015,Colon
Región Pacífico,86,Putumayo,86549,Leguizamo
Región Pacífico,86,Putumayo,86569,Orito
Región Pacífico,86,Putumayo,86619,La Hormiga
Región Pacífico,86,Putumayo,86647,Puerto Asis
Región Pacífico,86,Putumayo,86664,Puerto Caicedo
Región Pacífico,86,Putumayo,86678,Puerto Guzmán
Región Pacífico,86,Putumayo,86749,Valle del Guamuez
Región Pacífico,86,Putumayo,86757,Villagarzón
Región Pacífico,86,Putumayo,86865,San Francisco
Región Pacífico,86,Putumayo,86885,Santiago
Región Pacífico,86,Putumayo,86888,Sibundoy
Región Pacífico,86,Putumayo,86906,San Miguel
Región Pacífico,86,Putumayo,86909,Suarez
Región Pacífico,86,Putumayo,86912,Valderrama
Región Llano,91,Amazonas,91001,Leticia
Región Llano,91,Amazonas,91263,El Encanto
Región Llano,91,Amazonas,91405,La Chorrera
Región Llano,91,Amazonas,91530,La Pedrera
Región Llano,91,Amazonas,91798,El Miriti
Región Llano,91,Amazonas,91799,Paraná de Araracuara
Región Llano,91,Amazonas,91801,Puerto Alegría
Región Llano,91,Amazonas,91899,Puerto Nariño
Región Llano,91,Amazonas,91980,Tarra
Región Llano,94,Guainía,94001,Inírida
Región Llano,94,Guainía,94343,Barrancominas
Región Llano,94,Guainía,94663,Mapiripana
Región Llano,94,Guainía,94883,Puerto Colombia
Región Llano,94,Guainía,94886,Cacahual
Región Llano,94,Guainía,94929,La Guadalupe
Región Llano,94,Guainía,94994,San Felipe
Región Llano,95,Guaviare,95001,San José del Guaviare
Región Llano,95,Guaviare,95015,Calamar
Región Llano,95,Guaviare,95025,El Retorno
Región Llano,95,Guaviare,95200,Miraflores
Región Llano,97,Vaupés,97001,Mitú
Región Llano,97,Vaupés,97511,Pacoa
Región Llano,97,Vaupés,97666,Taraaira
Región Llano,97,Vaupés,97777,Papal
Región Llano,97,Vaupés,97800,Yavaraté
Región Llano,99,Vichada,99001,Puerto Carreño
Región Llano,99,Vichada,99524,Cumaribo
Región Llano,99,Vichada,99625,La Primavera
Región Llano,99,Vichada,99773,Santa Rosalia
Región Llano,99,Vichada,99800,Solita